latitude,longitude,Built_Surface_2020
48.81208333946001,2.469583338450008,8.903137380774202
48.94541667226001,2.594583337950013,8.756376522552202
48.80375000616001,2.1695833396499893,8.05696058864533
48.95375000556001,2.14458333975,4.155700091377609
48.93708333896001,2.369583338849992,8.8803269835331
48.90375000576001,2.519583338249987,9.03220768434182
48.91208333906001,2.519583338249987,9.190136810326333
48.93708333896001,2.5362500048499896,7.548751138285419
48.93708333896001,2.352916672249989,8.877120839556445
48.96108538835483,2.503925911917209,0.0
48.87875000586001,2.336250005649987,9.393025574622003
48.85375000596001,2.219583339449997,8.026595537229857
48.88708333916001,2.4779166717499947,9.108584627011897
48.92041667236001,2.4779166717499947,8.574559158459046
48.77875000626001,2.23625000605,8.798241248766306
48.77784845791974,2.485614423589182,9.719178276375256
48.87875000586001,2.594583337950013,8.917465060612264
48.81208333946001,2.452916671850005,9.149371672527556
48.928750005660014,2.2612500059499894,9.137041733754264
48.82875000606001,2.3862500054499947,4.55714201234518
48.928750005660014,2.161250006350002,8.887347530168125
48.91208333906001,2.502916671650013,9.102855318235388
48.82837643477201,2.144085272562281,0.0
48.928750005660014,2.311250005749997,8.778740025461536
48.82875000606001,2.452916671850005,0.0
48.82041667276001,2.352916672249989,8.60998649145147
48.87875000586001,2.377916672150008,8.020982716437073
48.88708333916001,2.4945833383499973,9.176065928446809
48.77875000626001,2.611250004549987,9.258119440678946
48.93773329569991,2.594351632806063,9.231757111390664
48.80375000616001,2.186250006249992,8.70760437011438
48.78708333956001,2.3195833390500127,8.75781012911329
48.88708333916001,2.186250006249992,8.683335138864692
48.90375000576001,2.269583339250005,8.926708902797069
48.837083339360014,2.586250004649997,8.953979877209322
48.87041667256001,2.5362500048499896,8.89873919429249
48.82875000606001,2.352916672249989,9.242838022658301
48.80375000616001,2.39458333875001,8.612035077602226
48.9631197318356,2.519186367762896,0.0
48.86208333926001,2.127916673149997,8.829876827513573
48.94541667226001,2.461250005149992,9.205930952931029
48.8197578712923,2.170099330584051,5.30541462689601
48.8530323,2.1728728,0.0
48.8626046,2.1012153,0.0
48.92041667236001,2.4945833383499973,9.313107526039621
48.928750005660014,2.177916672950005,9.27631284402745
48.84541667266001,2.544583338150005,8.328516711567941
48.88708333916001,2.2612500059499894,9.22196818328093
48.89541667246001,2.269583339250005,8.294558630325596
48.795383215984,2.535101333334341,6.746670040045688
48.91208333906001,2.51125000495,9.02044486349704
48.931383644128,2.577574817112007,8.822137883560426
48.95375000556001,2.611250004549987,9.110919796328766
48.82007903277523,2.612776802197334,7.359855586907168
48.79217242199715,2.093941857742313,5.7508746025720345
48.83666646098342,2.427087044231428,0.0
48.93708333896001,2.2279166727500126,8.354217091707087
48.77876741724844,2.616970640478262,8.066447723057756
48.89541667246001,2.444583338549989,9.136029033088521
48.79541667286001,2.186250006249992,0.0
48.81208333946001,2.502916671650013,8.40238402536507
48.77688843069723,2.161268410613237,0.0
48.82875000606001,2.2029166728499945,8.572863327066566
48.88708333916001,2.23625000605,8.427875953464627
48.79544957566562,2.235226222770013,0.0
48.93708333896001,2.1362500064500125,8.519387368006285
48.92041667236001,2.2945833391499946,9.475685762217388
48.87041667256001,2.30291667245001,9.529629757752563
48.92814761012802,2.411418931447003,7.863894701103689
48.84541667266001,2.452916671850005,8.885437308789431
48.78708333956001,2.21125000615001,9.108065021462163
48.96208333886001,2.336250005649987,9.007129663203754
48.90375000576001,2.452916671850005,8.126821034458896
48.95375000556001,2.219583339449997,9.10624445196919
48.78708333956001,2.23625000605,8.935570825761728
48.9542655885307,2.131583898601548,6.06211733151769
48.80375000616001,2.14458333975,8.956968357694203
48.88708333916001,2.1945833395500074,8.851784410291945
48.85375000596001,2.552916671449992,6.276561954497394
48.86208333926001,2.41958333865,8.683335138864692
48.81274986255446,2.369126974994164,5.198823565046129
48.89541667246001,2.461250005149992,8.798241248766306
48.82041667276001,2.561250004750008,8.775573150991102
48.90375000576001,2.3862500054499947,8.84121744343988
48.84541667266001,2.377916672150008,9.230828605071128
48.82875000606001,2.277916672549992,8.891157974662777
48.77875000626001,2.2945833391499946,8.720651885292995
48.90375000576001,2.51125000495,8.79927619076771
48.88708333916001,2.552916671449992,9.347033464163323
48.96138699192133,2.46573492619321,8.977954540159688
48.96208333886001,2.586250004649997,8.617343480099098
48.96208333886001,2.2862500058500075,8.772043593311377
48.78708333956001,2.60291667125,8.812301232903938
48.91208333906001,2.1112500065499944,0.0
48.95375000556001,2.544583338150005,8.80786276358066
48.92041667236001,2.3195833390500127,8.673706471406495
48.84541667266001,2.2612500059499894,9.055359792668199
48.91208333906001,2.2529166726500023,9.303590046592031
48.82875000606001,2.4862500050500103,8.175515164816403
48.91208333906001,2.544583338150005,5.049042302656065
48.928750005660014,2.2529166726500023,7.905336132680624
48.87875000586001,2.41958333865,9.122008287382343
48.88708333916001,2.39458333875001,8.838892221603677
48.837083339360014,2.2029166728499945,0.0
48.86208333926001,2.544583338150005,7.753736324436527
48.77875000626001,2.2445833393499868,9.807279464868286
48.92041667236001,2.51125000495,8.789578362177497
48.79541667286001,2.444583338549989,9.05235576234659
48.95375000556001,2.23625000605,8.98873316697434
48.93708333896001,2.569583338049995,8.89020660968807
48.81208333946001,2.2445833393499868,9.058083574618566
48.81104917349454,2.178453218424328,2.881035766975652
48.87875000586001,2.452916671850005,9.163788569635756
48.86208333926001,2.2445833393499868,0.0
48.9116916,2.4035084,8.993938592018008
48.94541667226001,2.23625000605,9.506243767851535
48.9542046,2.1683803,0.0
48.96208333886001,2.219583339449997,7.6129558218843
48.81208333946001,2.4779166717499947,8.08385089493068
48.85375000596001,2.2862500058500075,4.313538152250208
48.79541667286001,2.4945833383499973,8.425450510921987
48.77875000626001,2.102916673250008,0.0
48.78708333956001,2.186250006249992,8.721022389704963
48.86208333926001,2.1112500065499944,7.987411547568675
48.88708333916001,2.1529166730499867,8.844199755555477
48.91208333906001,2.452916671850005,9.130696887117198
48.8456324,2.5931178,0.0
48.86208333926001,2.502916671650013,9.02802121146469
48.89541667246001,2.2529166726500023,8.94345529676223
48.928750005660014,2.5279166715500025,8.853754379980286
48.82875000606001,2.41958333865,6.878512653275086
48.79541667286001,2.377916672150008,8.972966290365507
48.91208333906001,2.4945833383499973,9.409711136716744
48.84541667266001,2.369583338849992,8.871325944702587
48.84541667266001,2.3862500054499947,9.25992987432668
48.837083339360014,2.277916672549992,8.8990539387777
48.928750005660014,2.2862500058500075,9.107805125915311
48.91208333906001,2.594583337950013,8.892108511283022
48.92041667236001,2.3862500054499947,9.026902101946508
48.87041667256001,2.269583339250005,0.0
48.80375000616001,2.102916673250008,0.0
48.90375000576001,2.161250006350002,8.007535458211816
48.8111038,2.5945136,0.0
48.96208333886001,2.452916671850005,9.037764790967895
48.82875000606001,2.2445833393499868,9.103638360401215
48.79638720000001,2.2469788,0.0
48.92041667236001,2.23625000605,9.143349917488012
48.837083339360014,2.1695833396499893,0.0
48.95240241307654,2.421753665971118,8.466903074310949
48.95375000556001,2.4779166717499947,9.663283415457203
48.928750005660014,2.552916671449992,7.60783290662049
48.8279200452598,2.18422081623808,8.721022389704963
48.94541667226001,2.519583338249987,8.90062630148562
48.93708333896001,2.5279166715500025,8.935875129941923
48.837083339360014,2.336250005649987,8.541442486596681
48.91208333906001,2.311250005749997,9.143349917488012
48.87875000586001,2.4029166720499973,8.697052905612626
48.94521369636103,2.130750884853392,8.71879747472414
48.77875000626001,2.4779166717499947,7.297532061785058
48.92041667236001,2.39458333875001,8.46830477521747
48.81133400460797,2.57847723316802,8.113331297634994
48.90375000576001,2.2529166726500023,9.26826429546454
48.82041667276001,2.2945833391499946,7.637216625623821
48.82875000606001,2.30291667245001,8.770628568823719
48.8130213,2.5849947,0.0
48.88708333916001,2.352916672249989,9.34347848523995
48.96208333886001,2.361250005550005,9.098145233673716
48.85375000596001,2.452916671850005,8.611625667794543
48.91208333906001,2.4779166717499947,8.82819910897316
48.92041667236001,2.336250005649987,8.996244170994046
48.92041667236001,2.4112500053500128,8.929466861079193
48.78688835965076,2.152196457734502,5.63209547365507
48.86966353705385,2.620315026527016,8.301652874791962
48.77875000626001,2.2279166727500126,8.88160680928271
48.92041667236001,2.1529166730499867,5.448011535727585
48.86208333926001,2.39458333875001,8.15331050972288
48.82041667276001,2.361250005550005,8.938002887451276
48.94405873712509,2.417903275185679,4.971427507797937
48.79541667286001,2.336250005649987,9.01168075364857
48.82875000606001,2.427916671949987,0.0
48.87041667256001,2.32791667235,9.177042178222921
48.9203148,2.5838315,0.0
48.93708333896001,2.461250005149992,8.967068430318784
48.79564545011247,2.403724389057674,8.871648691560633
48.928750005660014,2.4779166717499947,8.856048194024158
48.88709677048502,2.462047116763556,8.97002134323465
48.81375857566117,2.218909851401136,6.3856566185853625
48.92105231353916,2.527494816365599,9.258798705186635
48.8615898,2.4524838,9.202123000556863
48.86208333926001,2.2945833391499946,8.49460074363877
48.82041667276001,2.552916671449992,8.814683724473307
48.96109291923523,2.618532689198091,0.0
48.80375000616001,2.594583337950013,8.916846012543855
48.77875000626001,2.2029166728499945,7.918550071914994
48.85375000596001,2.369583338849992,8.950983193363935
48.85375000596001,2.3862500054499947,9.127382935684578
48.84541667266001,2.177916672950005,8.73427748833532
48.88708333916001,2.2029166728499945,8.428844623660734
48.7784901,2.4539207,8.970610968547057
48.93708333896001,2.186250006249992,8.577942938740824
48.89541667246001,2.39458333875001,8.35369859668932
48.8615209,2.5635967,0.0
48.84541667266001,2.311250005749997,8.531793083771321
48.89541667246001,2.352916672249989,9.015364595200495
48.89541667246001,2.3195833390500127,8.911258726447015
48.96208333886001,2.3445833389500024,8.838559642396417
48.96208333886001,2.561250004750008,8.97766174379495
48.8044602,2.2267202,8.882246159953626
48.82041667276001,2.11958333985001,8.930996054828862
48.91208333906001,2.361250005550005,9.419718621770274
48.82262902570957,2.159048699874119,0.0
48.91158667113027,2.394258234808921,8.946472687404519
48.837083339360014,2.161250006350002,8.74048133289967
48.8612656345189,2.485670476585824,9.428279423888089
48.82875000606001,2.2945833391499946,8.02519503512709
48.91208333906001,2.4862500050500103,9.001700484745763
48.92041667236001,2.452916671850005,9.002559520519442
48.77875000626001,2.3195833390500127,9.286732151112199
48.92531395829186,2.586250482922628,0.0
48.81208333946001,2.544583338150005,8.760314419471076
48.95375000556001,2.4112500053500128,8.061714461585538
48.90375000576001,2.39458333875001,8.950082581813298
48.928750005660014,2.2945833391499946,9.126361231127657
48.82875000606001,2.4029166720499973,8.983502802348989
48.7793543691988,2.194676425567964,8.504583027349025
48.85259406269115,2.611307647537759,8.46783774152505
48.837083339360014,2.561250004750008,9.410105320234074
48.837083339360014,2.377916672150008,8.66555223963911
48.85375000596001,2.60291667125,7.167242252028585
48.87041667256001,2.1945833395500074,8.905329847061452
48.77875000626001,2.519583338249987,8.76245639119693
48.90375000576001,2.41958333865,9.84906343360889
48.84541667266001,2.461250005149992,8.786791656798618
48.87041667256001,2.2529166726500023,0.0
48.82041667276001,2.39458333875001,9.412860626789778
48.84541667266001,2.39458333875001,9.209725668859203
48.77875000626001,2.461250005149992,9.335700927388018
48.81208333946001,2.361250005550005,9.077496723674308
48.87041667256001,2.2279166727500126,8.880967083955651
48.90375000576001,2.544583338150005,9.123546603145646
48.93708333896001,2.502916671650013,9.018754066195633
48.84541667266001,2.361250005550005,8.705351911462374
48.886505216235,2.109421039628481,8.909078146844664
48.82790564098006,2.137363047761486,9.125850020048599
48.90444916388007,2.6178682843588,7.224160858534702
48.77866666490623,2.095545356121718,7.670688591237036
48.91208333906001,2.5362500048499896,9.14385300101737
48.82041667276001,2.452916671850005,9.026622145222476
48.93633816890885,2.269908625034069,8.142665887923693
48.77875000626001,2.5362500048499896,2.881035766975652
48.81208333946001,2.336250005649987,5.762071533951304
48.89541667246001,2.32791667235,9.10128754691848
48.93708333896001,2.51125000495,8.278009178895035
48.96208333886001,2.5779166713500103,8.51760355839472
48.77815253517323,2.154229161522646,0.0
48.92102109054912,2.16717906899457,4.727823647702966
48.92127046571009,2.559194704249991,0.0
48.81208333946001,2.519583338249987,8.931912543960108
48.82875000606001,2.23625000605,8.830212062043884
48.81208333946001,2.39458333875001,8.821800160049802
48.88708333916001,2.569583338049995,0.0
48.86208333926001,2.277916672549992,9.28430248827152
48.82875000606001,2.361250005550005,8.88575591122548
48.82041667276001,2.4779166717499947,8.979417345201528
48.86208333926001,2.219583339449997,8.991917208375895
48.79541667286001,2.611250004549987,3.5568354476285293
48.93708333896001,2.4779166717499947,9.128403684930879
48.91208333906001,2.461250005149992,9.232452973247467
48.93708333896001,2.1695833396499893,8.778388603845954
48.80375000616001,2.269583339250005,9.134508218485406
48.95375000556001,2.2612500059499894,9.02494089554822
48.78708333956001,2.3862500054499947,9.138559025505646
48.77875000626001,2.586250004649997,7.411460976256614
48.95375000556001,2.51125000495,8.363508137058668
48.79501,2.111615833333303,0.0
48.79541667286001,2.461250005149992,8.648662993524885
48.84541667266001,2.519583338249987,8.673319552657317
48.87875000586001,2.30291667245001,9.239617692183343
48.80375000616001,2.3195833390500127,8.634319398637171
48.77941661402532,2.43608442975691,9.221265603889922
48.89541667246001,2.619583337850002,8.90345085995493
48.92041667236001,2.41958333865,8.633516979461472
48.87875000586001,2.469583338450008,8.875514229642658
48.82041667276001,2.1362500064500125,8.819094604168383
48.91985151477035,2.103484549018841,0.0
48.77875000626001,2.5279166715500025,0.0
48.837083339360014,2.41958333865,9.049343442955518
48.82041667276001,2.336250005649987,8.742299303743417
48.91208333906001,2.219583339449997,8.324262673104066
48.89541667246001,2.594583337950013,0.0
48.89541667246001,2.5362500048499896,9.051535044674017
48.84541667266001,2.5362500048499896,8.50096365813444
48.89584811455324,2.21989648154383,9.379126190348039
48.87875000586001,2.219583339449997,9.148620767140123
48.87875000586001,2.2529166726500023,8.861924536654412
48.77875000626001,2.39458333875001,8.799620953517893
48.92896566684757,2.121103482047829,7.793438562974941
48.82875000606001,2.5279166715500025,8.798241248766306
48.79541667286001,2.1362500064500125,8.336448627590947
48.85338443428333,2.621382369495634,8.13318659907974
48.87041667256001,2.2029166728499945,9.463369115025998
48.87119585593824,2.160369591037536,7.26568592474555
48.95375000556001,2.30291667245001,8.888301388891442
48.7770397,2.1132565,0.0
48.928750005660014,2.21125000615001,9.072675704478018
48.88708333916001,2.51125000495,9.00313183573013
48.77837161008056,2.494089306282609,9.306843972218301
48.80375000616001,2.127916673149997,9.015930238342364
48.79474,2.170239,0.0
48.89541667246001,2.1529166730499867,8.837561296428913
48.87041667256001,2.14458333975,8.522946266804054
48.93708333896001,2.377916672150008,9.061343167702711
48.95375000556001,2.5279166715500025,6.200994675458361
48.78708333956001,2.361250005550005,8.638322671327785
48.89541667246001,2.544583338150005,9.05262919784943
48.94596384699594,2.510239330748264,8.141406728338442
48.84541667266001,2.2279166727500126,8.591374142244966
48.87041667256001,2.352916672249989,9.407145468698259
48.81208333946001,2.127916673149997,8.726933422701364
48.82847188671602,2.128763325599683,8.952182854187281
48.84541667266001,2.51125000495,6.698142440271889
48.928750005660014,2.377916672150008,8.798241248766306
48.8548831,2.1207845,0.0
48.91208333906001,2.4362500052500025,9.028300809683504
48.81208333946001,2.2945833391499946,8.667888241755943
48.96208333886001,2.352916672249989,8.952782190595078
48.89572924342308,2.304949513396084,9.049617633899915
48.93708333896001,2.2862500058500075,9.453755610234305
48.80375000616001,2.377916672150008,8.20799763097377
48.82875000606001,2.552916671449992,8.780144581769
48.86208333926001,2.186250006249992,8.909078146844664
48.88708333916001,2.594583337950013,6.976169753796765
48.84237528807442,2.117725192670235,7.68609189776979
48.7771328332164,2.135530693122064,0.0
48.9369625553133,2.095564532868216,0.0
48.91208333906001,2.11958333985001,8.158904157687674
48.78560612900407,2.109891503300939,8.949181226672467
48.78708333956001,2.2862500058500075,8.896533438404067
48.87041667256001,2.4112500053500128,9.047422175664988
48.9539766486561,2.27881977083034,1.9560481156413188
48.87041667256001,2.461250005149992,8.203245974987372
48.96328469056552,2.492863615830997,0.0
48.94541667226001,2.352916672249989,8.48176256347134
48.88708333916001,2.2862500058500075,9.127382935684578
48.82041667276001,2.41958333865,9.193506230406598
48.84544673635795,2.612309614598032,7.474747842052333
48.82875000606001,2.2279166727500126,6.968818269858654
48.86208333926001,2.1695833396499893,9.103638360401215
48.81208333946001,2.552916671449992,9.159086729986749
48.77875000626001,2.469583338450008,8.709477875361195
48.90375000576001,2.444583338549989,8.4673705079466
48.94541667226001,2.552916671449992,9.003989746374977
48.82041667276001,2.1112500065499944,6.976169753796765
48.80375000616001,2.161250006350002,8.993650051976845
48.91208333906001,2.102916673250008,0.0
48.9017152394938,2.413486987632217,8.158284054723325
48.86227526553429,2.237791174460195,7.712535539006139
48.81208333946001,2.1362500064500125,9.284523590295441
48.80375000616001,2.4029166720499973,8.807178317640128
48.92041667236001,2.352916672249989,9.423812834270993
48.85375000596001,2.2445833393499868,0.0
48.90435919999999,2.1774655,3.8496968916364254
48.89477346527809,2.586672836977142,0.0
48.88704414367162,2.095355623956176,9.00940758002269
48.81208333946001,2.21125000615001,9.108584627011897
48.93708333896001,2.561250004750008,4.59022609689573
48.82875000606001,2.569583338049995,9.047971454287588
48.78708333956001,2.32791667235,9.086015206218335
48.87041667256001,2.377916672150008,8.740845169343425
48.85375000596001,2.311250005749997,8.849152242074341
48.82875000606001,2.2529166726500023,9.09051375847398
48.78708333956001,2.519583338249987,8.447087909718416
48.89541667246001,2.2612500059499894,8.936179349322291
48.837083339360014,2.4779166717499947,8.791663732896396
48.85359430288014,2.23709226068631,5.669105500620968
48.91917469320423,2.55682039036129,0.0
48.96208333886001,2.544583338150005,5.005368829329626
48.88708333916001,2.41958333865,8.272436470319498
48.89541667246001,2.4362500052500025,9.102594179317892
48.928750005660014,2.60291667125,7.353392031972668
48.85375000596001,2.561250004750008,0.0
48.95375000556001,2.4945833383499973,8.772750418353477
48.8620398,2.618696,0.0
48.95406109921545,2.420845884587518,8.752784248039422
48.91208333906001,2.377916672150008,8.985249043040252
48.78558143535119,2.094021851217449,7.633210414744822
48.928750005660014,2.219583339449997,8.238389285537833
48.87875000586001,2.2279166727500126,8.35214163245196
48.928750005660014,2.469583338450008,8.856375488656914
48.89541667246001,2.4029166720499973,9.121238315863847
48.84541667266001,2.219583339449997,8.758526227032954
48.87875000586001,2.3862500054499947,8.831551971680499
48.92017108003378,2.608481819481515,8.918702104641948
48.928750005660014,2.3862500054499947,8.901254613007643
48.77763953723797,2.122021025393444,1.9560481156413188
48.87041667256001,2.1112500065499944,6.8983621317299075
48.94165735514044,2.111064824113276,0.0
48.80432328934688,2.095591964946379,5.519859249875715
48.928750005660014,2.4362500052500025,8.886074420706773
48.89541667246001,2.277916672549992,9.274083081733934
48.837083339360014,2.2279166727500126,8.801687246701425
48.86208333926001,2.51125000495,9.010828868127867
48.92041667236001,2.427916671949987,8.140776603507451
48.94527157185802,2.476995842380393,7.452479615821997
48.78764930833945,2.144729961711983,0.0
48.79533,2.1214138,8.778037069069324
48.81208333946001,2.2862500058500075,8.538819278511802
48.93708333896001,2.277916672549992,8.138884043820429
48.82041667276001,2.594583337950013,0.0
48.94541667226001,2.2279166727500126,9.090777802794868
48.81208333946001,2.2529166726500023,8.532233548267667
48.84541667266001,2.569583338049995,9.00026725460767
48.80375000616001,2.3445833389500024,9.02885979138511
48.78708333956001,2.2945833391499946,8.027994244966852
48.85375000596001,2.4362500052500025,9.072407244808797
48.85375000596001,2.4945833383499973,9.214214828642028
48.80375000616001,2.219583339449997,0.0
48.93708333896001,2.1945833395500074,9.015364595200495
48.88708333916001,2.4862500050500103,9.571386429094986
48.88708333916001,2.30291667245001,8.59968549749764
48.87875000586001,2.461250005149992,8.62788346996372
48.87041667256001,2.4862500050500103,8.925788032865299
48.80375000616001,2.452916671850005,8.902196402776521
48.96193523627974,2.180686743266043,7.744714031435588
48.94563212851528,2.286865776853042,8.968841136374422
48.84541667266001,2.4779166717499947,8.984085192994641
48.928750005660014,2.352916672249989,8.947677312342622
48.928750005660014,2.4862500050500103,8.836895224877203
48.88708333916001,2.2529166726500023,7.366281098331573
48.928750005660014,2.427916671949987,9.046872620536652
48.90375000576001,2.32791667235,9.189413436756377
48.88708333916001,2.127916673149997,7.737442122852858
48.81208333946001,2.3445833389500024,8.527820885673762
48.87875000586001,2.3445833389500024,9.289156418512636
48.77790397704436,2.553646604984233,0.0
48.94541667226001,2.1362500064500125,8.79789604995256
48.77875000626001,2.3445833389500024,8.989023009333506
48.92041667236001,2.2279166727500126,9.228271133209713
48.92041667236001,2.161250006350002,4.875392769033391
48.82041667276001,2.444583338549989,7.71346820992095
48.82041667276001,2.30291667245001,9.222436318467944
48.7857746,2.5499469,7.337721553730081
48.94541667226001,2.186250006249992,8.614488317374795
48.86208333926001,2.569583338049995,8.891791757693282
48.90375000576001,2.377916672150008,9.465618865929121
48.82875000606001,2.502916671650013,8.770628568823719
48.9131355,2.5613232,0.0
48.79541667286001,2.311250005749997,7.98377862827799
48.88708333916001,2.586250004649997,8.815363482427637
48.88708333916001,2.3195833390500127,9.436581298415966
48.87821329825399,2.11875512563167,7.687047426267891
48.94541667226001,2.377916672150008,9.210908817603368
48.77875000626001,2.51125000495,8.4598674458388
48.79541667286001,2.51125000495,8.85833719850982
48.85288019557238,2.586688510107008,9.069988132368834
48.837083339360014,2.30291667245001,9.177286104319206
48.837083339360014,2.352916672249989,9.023257052685775
48.77875000626001,2.269583339250005,6.880513921002142
48.84541667266001,2.30291667245001,8.89052382347481
48.82041667276001,2.377916672150008,8.808204825698256
48.84587982762233,2.502560768058538,8.967955143165193
48.88708333916001,2.444583338549989,8.964403962242365
48.80375000616001,2.2862500058500075,8.89052382347481
48.80375000616001,2.1112500065499944,5.491685009054025
48.77875000626001,2.352916672249989,8.849152242074341
48.91208333906001,2.586250004649997,9.081498039965824
48.80375000616001,2.336250005649987,8.868093217319949
48.95375000556001,2.3862500054499947,9.131968809944738
48.87041667256001,2.102916673250008,8.153933443399916
48.81208333946001,2.4362500052500025,8.840885571955523
48.87041667256001,2.594583337950013,9.276758250496046
48.82875000606001,2.4945833383499973,8.774868151780689
48.91398130438849,2.352849145784037,9.177286104319206
48.88708333916001,2.452916671850005,8.904703877296946
48.88708333916001,2.21125000615001,9.675250255396394
48.94541667226001,2.361250005550005,6.7996108970333395
48.88708333916001,2.311250005749997,9.09262432701804
48.88708333916001,2.502916671650013,9.033877788552376
48.90375000576001,2.127916673149997,8.087827916594577
48.89578826366771,2.145534535069785,8.894639236819442
48.85375000596001,2.41958333865,9.282310552360647
48.85375000596001,2.361250005550005,9.247650776548742
48.91208333906001,2.186250006249992,8.14706154452426
48.86208333926001,2.469583338450008,8.924251521366916
48.82875000606001,2.32791667235,8.606700736557558
48.80375000616001,2.519583338249987,9.006559440553346
48.80375000616001,2.3862500054499947,8.663992123275866
48.8299291,2.0993127,0.0
48.89541667246001,2.519583338249987,8.94466325399683
48.90446059103072,2.485112940200342,8.704223936945578
48.87041667256001,2.2862500058500075,9.238003957611031
48.928750005660014,2.569583338049995,7.059033548045505
48.90375000576001,2.2445833393499868,8.939823384659235
48.79597940217931,2.545385661215127,9.892351732633768
48.89541667246001,2.469583338450008,7.904553838674103
48.80375000616001,2.552916671449992,8.209774183423415
48.81208333946001,2.611250004549987,0.0
48.87041667256001,2.1362500064500125,2.8001327430068494
48.82041667276001,2.51125000495,8.748457857016245
48.86208333926001,2.1529166730499867,8.538381463691664
48.87041667256001,2.561250004750008,9.112991317328671
48.92041667236001,2.4029166720499973,8.893690902108538
48.87041667256001,2.219583339449997,8.86094734019407
48.95261697787151,2.619864738805318,6.868450911640608
48.94582503832258,2.545407553012506,8.620191195026957
48.928750005660014,2.39458333875001,8.848163540506942
48.77875000626001,2.177916672950005,7.257223159580359
48.80375000616001,2.11958333985001,8.100327079073931
48.928750005660014,2.452916671850005,8.941338150046406
48.92041667236001,2.1945833395500074,8.868093217319949
48.88708333916001,2.5779166713500103,9.255398148270125
48.84684728490303,2.161248315596714,7.279646361016616
48.95375000556001,2.3195833390500127,9.135775711068732
48.820474,2.184899,0.0
48.84541667266001,2.552916671449992,8.854082362929839
48.89541667246001,2.4862500050500103,8.604229914138692
48.86208333926001,2.336250005649987,9.06944982306829
48.78708333956001,2.2529166726500023,8.389913119366502
48.87875000586001,2.369583338849992,8.766727767651087
48.84541667266001,2.21125000615001,8.666720865519896
48.928750005660014,2.41958333865,9.3022857558283
48.78708333956001,2.502916671650013,8.92302075321019
48.79531969053254,2.360125491765595,8.74773512197536
48.92041667236001,2.369583338849992,8.443272471184123
48.81208333946001,2.311250005749997,8.539256917819882
48.78708333956001,2.452916671850005,8.832890238767346
48.82041667276001,2.2862500058500075,8.876478479291144
48.88708333916001,2.1362500064500125,8.104896197059583
48.90375000576001,2.219583339449997,8.653008432095064
48.837083339360014,2.552916671449992,8.159523908620802
48.92041667236001,2.2445833393499868,9.279648971425733
48.7872521736202,2.118017916954448,8.990471067961238
48.78708333956001,2.4862500050500103,8.801687246701425
48.87875000586001,2.4862500050500103,8.772397063037433
48.78708333956001,2.269583339250005,8.79443804503595
48.92041667236001,2.2029166728499945,9.194226897990951
48.91996800454233,2.116749476784491,0.0
48.81958179999999,2.5760398,0.0
48.84541667266001,2.32791667235,8.57158972252073
48.96208333886001,2.1945833395500074,8.92916076511774
48.94541667226001,2.4862500050500103,9.522541979313015
48.928750005660014,2.1695833396499893,8.557911344806495
48.86224650266259,2.253755318490335,0.0
48.82041667276001,2.1945833395500074,8.373739620004127
48.85286981243667,2.20221177119784,8.43752419336927
48.9447851953592,2.211707276252711,8.854082362929839
48.88708333916001,2.2445833393499868,8.46830477521747
48.86208333926001,2.461250005149992,9.012248308243825
48.8691517406515,2.479547172831366,7.873598687126449
48.94541667226001,2.219583339449997,9.128148587081984
48.79541667286001,2.1529166730499867,8.79270492633668
48.85375000596001,2.161250006350002,0.0
48.93708333896001,2.4029166720499973,9.03276466968012
48.87041667256001,2.552916671449992,9.162800390125529
48.91208333906001,2.3445833389500024,8.893058220990056
48.92041667236001,2.177916672950005,8.581316263137937
48.928750005660014,2.4945833383499973,9.08521941618962
48.85375000596001,2.2612500059499894,7.917777193129165
48.79541667286001,2.277916672549992,8.970316195698127
48.87810070780292,2.163026692484898,6.679073112807429
48.78708333956001,2.277916672549992,8.861598901681266
48.84541667266001,2.23625000605,9.031650414682254
48.82041667276001,2.4112500053500128,8.877120839556445
48.90375000576001,2.594583337950013,8.915606862309353
48.80375000616001,2.611250004549987,8.859969268240294
48.96296388728748,2.118987636805325,0.0
48.83667852580049,2.127573406423599,5.049042302656065
48.90375000576001,2.2945833391499946,9.348910835630953
48.92032533625038,2.146577391920468,0.0
48.96265728415187,2.135100616313629,1.1993454110196395
48.84589878405153,2.4445614674086,7.215368666801465
48.78708333956001,2.51125000495,8.861598901681266
48.78708333956001,2.444583338549989,8.867769417454195
48.96207150490688,2.418412911403968,0.0
48.89541667246001,2.3862500054499947,9.51415460855066
48.93708333896001,2.552916671449992,0.0
48.94541667226001,2.1945833395500074,9.071601469469433
48.88708333916001,2.377916672150008,8.152063574990644
48.87041667256001,2.444583338549989,8.754581862869081
48.79541667286001,2.269583339250005,8.84618344702688
48.82875000606001,2.336250005649987,9.046322788624053
48.79541667286001,2.60291667125,9.01621295004649
48.88708333916001,2.177916672950005,8.354217091707087
48.837083339360014,2.5279166715500025,8.891157974662777
48.87041667256001,2.569583338049995,8.764950058026239
48.78708333956001,2.2612500059499894,8.809572003384002
48.92041667236001,2.60291667125,8.351622150529531
48.93047856904501,2.614448416850245,0.0
48.91044223937632,2.623189089345362,0.0
48.9206937,2.1287022,7.067489757943596
48.86274582848439,2.160943402951983,7.677454295650424
48.837083339360014,2.519583338249987,8.896217966291083
48.91208333906001,2.469583338450008,8.280784901822857
48.89541667246001,2.4779166717499947,8.89432321677399
48.85375000596001,2.336250005649987,8.90062630148562
48.83741704199574,2.462360127982976,0.0
48.81276035588395,2.460242049524861,9.61471319618925
48.88708333916001,2.32791667235,9.02044486349704
48.93708333896001,2.427916671949987,8.956968357694203
48.80375000616001,2.469583338450008,9.294427116689906
48.78754068018277,2.58779558943383,8.9343527600963
48.84541667266001,2.4862500050500103,8.927015686904578
48.87875000586001,2.311250005749997,8.479916150786984
48.95375000556001,2.1362500064500125,8.421071088443355
48.82041667276001,2.2612500059499894,9.144355852817776
48.88708333916001,2.161250006350002,6.915923227388895
48.84497801039863,2.561941396850053,9.027461800107645
48.93708333896001,2.2945833391499946,6.835615617255078
48.83750879999999,2.3450312,9.234769314535288
48.81208333946001,2.444583338549989,8.829876827513573
48.89541667246001,2.336250005649987,9.011964567829132
48.81208333946001,2.4862500050500103,6.347235366234061
48.82080082056666,2.151937168881533,0.0
48.95375000556001,2.2945833391499946,8.94103536506613
48.79541667286001,2.469583338450008,7.799486729355612
48.837083339360014,2.2945833391499946,8.893058220990056
48.82041667276001,2.23625000605,9.068372407496618
48.88660738891343,2.61934686665727,8.857029783695612
48.79541667286001,2.4779166717499947,8.793051770259975
48.837083339360014,2.469583338450008,7.867138956802996
48.78708333956001,2.3445833389500024,8.531793083771321
48.84541667266001,2.619583337850002,8.883204484438913
48.928750005660014,2.277916672549992,8.747373574947916
48.87875000586001,2.5779166713500103,9.040809184786028
48.92041667236001,2.4862500050500103,9.07213871910596
48.88708333916001,2.519583338249987,8.43608238214576
48.96208333886001,2.1112500065499944,0.0
48.96101577445243,2.144318461607148,0.0
48.9251447371142,2.59228395139329,0.0
48.87875000586001,2.102916673250008,8.622220738722456
48.84561413576932,2.168581579127911,8.812982475509125
48.77875000626001,2.444583338549989,4.027117383203368
48.93708333896001,2.32791667235,8.514027171119569
48.82875000606001,2.2862500058500075,9.692425693076439
48.96208333886001,2.3195833390500127,8.917465060612264
48.79541667286001,2.4362500052500025,8.979417345201528
48.85375000596001,2.2529166726500023,6.642394705297114
48.87875000586001,2.21125000615001,8.900940502448899
48.87041667256001,2.277916672549992,8.930996054828862
48.86208333926001,2.30291667245001,7.511255026126211
48.88708333916001,2.5362500048499896,9.318692735432668
48.86277289612939,2.494605328480793,9.05726715336198
48.929575708034,2.1351740809291,0.0
48.96208333886001,2.30291667245001,8.89873919429249
48.92041667236001,2.269583339250005,9.123546603145646
48.88708333916001,2.102916673250008,8.505937203134884
48.96091183670422,2.488331117246117,7.331125211972898
48.95375000556001,2.469583338450008,9.327229953832868
48.92041667236001,2.377916672150008,8.841880883897481
48.96208333886001,2.552916671449992,8.612035077602226
48.82041667276001,2.2445833393499868,7.717190945802558
48.937620189718,2.3113740950314,0.0
48.95375000556001,2.586250004649997,8.984958196831155
48.77875000626001,2.2612500059499894,8.79131644762565
48.87041667256001,2.1529166730499867,7.3110936180385675
48.95375000556001,2.186250006249992,7.54983470287997
48.77875000626001,2.369583338849992,8.980878192789227
48.87925182628439,2.559938467074807,0.0
48.96208333886001,2.469583338450008,0.0
48.80375000616001,2.30291667245001,9.176310072748258
48.89541667246001,2.2279166727500126,8.185845746257543
48.77833955472143,2.12874718399166,7.937696322734624
48.87041667256001,2.5779166713500103,8.51760355839472
48.82875000606001,2.3445833389500024,9.35120102501539
48.79541667286001,2.3445833389500024,6.769041545028497
48.89541667246001,2.311250005749997,9.284965660048146
48.88708333916001,2.361250005550005,9.006559440553346
48.90375000576001,2.277916672549992,9.220093632505883
48.837083339360014,2.369583338849992,8.946472687404519
48.80375000616001,2.41958333865,9.132477164430936
48.87041667256001,2.469583338450008,9.287173327614216
48.84541667266001,2.2445833393499868,9.043293753099448
48.96208333886001,2.594583337950013,8.950082581813298
48.85375000596001,2.269583339250005,9.17533316777087
48.95375000556001,2.352916672249989,8.802718928529083
48.87875000586001,2.352916672249989,9.197583737304294
48.87875000586001,2.444583338549989,8.7677930055688
48.93708333896001,2.1529166730499867,9.091041783267531
48.92838701912609,2.3371452174116,6.510387324805386
48.92041667236001,2.461250005149992,9.066214381116824
48.89541667246001,2.1945833395500074,8.600513163374575
48.86208333926001,2.21125000615001,8.76530583161237
48.87041667256001,2.4029166720499973,8.974729452911975
48.94541667226001,2.5779166713500103,8.952782190595078
48.82041667276001,2.2279166727500126,9.065944327623948
48.95375000556001,2.502916671650013,7.31244055372996
48.96248854678142,2.447197202901152,9.311383235470869
48.82041667276001,2.219583339449997,8.647078535714982
48.93708333896001,2.23625000605,8.752424369598916
48.86208333926001,2.5362500048499896,9.094730823068412
48.96208333886001,2.5279166715500025,8.570314630408415
48.89541667246001,2.4112500053500128,9.794051692408244
48.84541667266001,2.586250004649997,8.530470622992537
48.77875000626001,2.361250005550005,8.880006792523506
48.8604144,2.5549966,0.0
48.84541667266001,2.2529166726500023,9.160573710338397
48.94541667226001,2.586250004649997,8.971789264656463
48.94541667226001,2.2029166728499945,8.754941030906334
48.84541667266001,2.427916671949987,8.356288612706992
48.95375000556001,2.2529166726500023,8.432228216661919
48.81208333946001,2.41958333865,8.438484344037484
48.95375000556001,2.461250005149992,9.111438045205997
48.8958435,2.3776958,9.031092860411
48.87041667256001,2.186250006249992,8.736836283638937
48.90375000576001,2.4029166720499973,9.26601801640168
48.94541667226001,2.4362500052500025,8.9753165415195
48.93708333896001,2.60291667125,8.713961213240971
48.92935568629564,2.560114144092208,0.0
48.90375000576001,2.11958333985001,9.042466191791807
48.79541667286001,2.519583338249987,8.83322454936233
48.92041667236001,2.2529166726500023,8.608755491990777
48.95375000556001,2.39458333875001,8.263460541115672
48.837083339360014,2.2529166726500023,8.574135447512766
48.86208333926001,2.3862500054499947,9.253807589413324
48.84541667266001,2.2029166728499945,8.65064033737173
48.9535957,2.4394993,9.094993849509725
48.91208333906001,2.552916671449992,9.261963029835083
48.82875000606001,2.469583338450008,7.895122322219957
48.79541667286001,2.39458333875001,8.692499442329627
48.85375000596001,2.1945833395500074,9.256532844598643
48.79541667286001,2.552916671449992,9.017060646146586
48.928750005660014,2.519583338249987,9.118925137563554
48.80375000616001,2.2945833391499946,8.652219637812635
48.81208333946001,2.51125000495,8.921480339183782
48.91177958494113,2.169052301980788,7.98958551026396
48.93708333896001,2.4945833383499973,9.214214828642028
48.80375000616001,2.1529166730499867,8.173681929726689
48.92829364241354,2.228766963729251,9.264893141248695
48.928750005660014,2.544583338150005,9.157846030638087
48.95413006062083,2.562095226741337,8.893690902108538
48.77825047681786,2.408593901999229,9.713671062315882
48.87875000586001,2.4112500053500128,8.675639010837319
48.93708333896001,2.611250004549987,8.78469694958853
48.81208333946001,2.277916672549992,8.962030074404247
48.79620667429599,2.454885268333631,9.102855318235388
48.95375000556001,2.177916672950005,8.680263195256565
48.95375000556001,2.369583338849992,8.740117375156881
48.86208333926001,2.4779166717499947,9.224773987968003
48.96208333886001,2.369583338849992,8.623841661424676
48.82041667276001,2.269583339250005,8.987863177894388
48.90375000576001,2.1362500064500125,8.652219637812635
48.90297370207652,2.112953128086483,8.41569449211186
48.87041667256001,2.23625000605,8.385892152613026
48.82745540149863,2.169748066677901,5.74523277482466
48.81998241802403,2.386746473133656,7.134465642832661
48.85375000596001,2.39458333875001,9.328080015187389
48.837083339360014,2.4862500050500103,9.163541608603285
48.95375000556001,2.2279166727500126,9.805634731993138
48.95375000556001,2.2862500058500075,8.776981785043812
48.86208333926001,2.369583338849992,9.341801539842029
48.95375000556001,2.269583339250005,9.006274217497673
48.90375000576001,2.21125000615001,9.671069008570964
48.837083339360014,2.2612500059499894,9.091041783267531
48.87875000586001,2.4362500052500025,8.855065720966051
48.84541667266001,2.5279166715500025,8.631106177069785
48.82793021599603,2.394335494470354,8.537066964749721
48.91152719999999,2.5705946,0.0
48.87875000586001,2.1695833396499893,8.99220620672024
48.82041667276001,2.586250004649997,0.0
48.80375000616001,2.51125000495,8.85112696297344
48.81208333946001,2.269583339250005,9.022976159531161
48.91208333906001,2.30291667245001,8.805465323032603
48.78708333956001,2.469583338450008,9.136535500849583
48.8452285,2.129513,5.773154788937555
48.84541667266001,2.5779166713500103,8.289620084002374
48.95375000556001,2.452916671850005,9.779257388860538
48.88708333916001,2.4112500053500128,9.053995348996787
48.86208333926001,2.3445833389500024,8.261769307253982
48.837083339360014,2.452916671850005,0.0
48.84540649091741,2.109683296494475,6.946462036595441
48.96346519695372,2.612649677432965,4.783820087825048
48.9280396,2.3429999,8.73829576412287
48.837083339360014,2.21125000615001,7.026288972513207
48.93708333896001,2.519583338249987,8.985539811783317
48.93486092226787,2.394299872602462,7.784739781975002
48.94725333133707,2.268230242143049,6.8124544715185245
48.78708333956001,2.336250005649987,8.574135447512766
48.9205513,2.578891,0.0
48.95375000556001,2.569583338049995,7.90767965681362
48.82041667276001,2.2529166726500023,9.426727899392601
48.93708333896001,2.619583337850002,8.816042817383838
48.77875000626001,2.1695833396499893,5.669105500620968
48.96208333886001,2.1695833396499893,7.568092630722466
48.90375000576001,2.14458333975,8.910636148021597
48.87041667256001,2.1695833396499893,6.091342169164142
48.93000301351679,2.125704596087088,6.7215200196410665
48.88708333916001,2.277916672549992,8.721022389704963
48.91208333906001,2.177916672950005,8.52870484623978
48.84541667266001,2.3195833390500127,8.874549127555888
48.81208333946001,2.3195833390500127,8.984958196831155
48.89541667246001,2.51125000495,8.640318816040795
48.80375000616001,2.502916671650013,8.929466861079193
48.82875000606001,2.377916672150008,9.419132478808871
48.90409705046582,2.23566048624804,9.230131706713989
48.87041667256001,2.2945833391499946,9.329353867419888
48.786488,2.1998627,0.0
48.94541667226001,2.2612500059499894,9.160573710338397
48.90375000576001,2.5779166713500103,9.025501599843741
48.82875000606001,2.561250004750008,8.154556021825336
48.87041667256001,2.427916671949987,8.797205324691056
48.78708333956001,2.2279166727500126,9.19638605069005
48.87041667256001,2.361250005550005,9.073212425845458
48.89541667246001,2.361250005550005,8.921171995377357
48.94541667226001,2.5362500048499896,8.611625667794543
48.77800164791363,2.186120543281106,4.4514119057760295
48.87875000586001,2.611250004549987,8.930078795646443
48.84541667266001,2.186250006249992,8.82010997355429
48.82637709999999,2.1557834,0.0
48.81980667024188,2.327654591329996,7.658991787490183
48.78708333956001,2.1695833396499893,8.260075449289047
48.78030641714147,2.559999121279909,6.652296734539318
48.96166121878179,2.153259570429583,1.1993454110196395
48.86208333926001,2.60291667125,0.0
48.87895282825879,2.362095080316067,7.731956225683684
48.82036263213116,2.526782924753335,9.369760635516556
48.92041667236001,2.444583338549989,9.114800679332935
48.86208333926001,2.2612500059499894,4.698710155993616
48.83659081088846,2.386441942464983,8.680647661271944
48.92041667236001,2.21125000615001,9.423034167162813
48.8276047,2.2111696,6.649829634643275
48.81213319190658,2.206197322212279,4.994171897950355
48.82041667276001,2.177916672950005,0.0
48.928750005660014,2.1529166730499867,8.980586179616592
48.81204765283515,2.118655107915401,0.0
48.9188298160013,2.569190368133994,8.214497570951501
48.82875000606001,2.60291667125,8.765661489292462
48.85382681925701,2.59597692146429,8.244138067855436
48.94541667226001,2.2445833393499868,8.887347530168125
48.89541667246001,2.2445833393499868,8.815363482427637
48.82041667276001,2.3445833389500024,8.71879747472414
48.837083339360014,2.177916672950005,8.397412745192582
48.82041667276001,2.21125000615001,8.853754379980286
48.78708333956001,2.544583338150005,8.731345788045381
48.91208333906001,2.60291667125,8.689071837506411
48.89541667246001,2.2945833391499946,9.199497307013148
48.81208333946001,2.32791667235,8.85768368682351
48.93708333896001,2.41958333865,6.976169753796765
48.837083339360014,2.51125000495,8.865500125270861
48.93708333896001,2.4362500052500025,9.109103985365834
48.80375000616001,2.4362500052500025,8.79443804503595
48.80375000616001,2.586250004649997,9.101810387560363
48.93677618620639,2.303580757261715,8.484526340237064
48.9533761,2.2450173,9.36175684774583
48.94541667226001,2.2945833391499946,8.904390757765363
48.86208333926001,2.519583338249987,8.894639236819442
48.85375000596001,2.4112500053500128,9.15062203486718
48.85375000596001,2.4862500050500103,9.074553075945646
48.87875000586001,2.39458333875001,9.093151332212628
48.7873920452418,2.562262466099135,8.558341398481303
48.89541667246001,2.4945833383499973,9.09262432701804
48.82041667276001,2.311250005749997,8.603817566168017
48.94541667226001,2.1695833396499893,9.059442921375428
48.8218427,2.1017182,0.0
48.86208333926001,2.594583337950013,9.254716763931317
48.91208333906001,2.336250005649987,8.794091641339758
48.8366821,2.3616856,9.503352826104164
48.89541667246001,2.094583339949992,9.108065021462163
48.80978078008312,2.168868256929396,6.719204660895354
48.90375000576001,2.60291667125,8.91777445305854
48.837083339360014,2.39458333875001,8.989023009333506
48.92041667236001,2.361250005550005,9.104942183844605
48.91208333906001,2.1529166730499867,8.752064372484561
48.96269322143078,2.090624857725128,0.0
48.92041667236001,2.469583338450008,9.166008708499326
48.85419348433808,2.111887887168795,0.0
48.78708333956001,2.4779166717499947,8.996244170994046
48.90360418015027,2.361962618144295,8.783648086827895
48.80375000616001,2.444583338549989,9.115317089578793
48.96208333886001,2.569583338049995,9.049617633899915
48.87875000586001,2.1112500065499944,8.588031801358223
48.79541667286001,2.127916673149997,8.730978771319991
48.82875000606001,2.1945833395500074,8.687926906893459
48.80375000616001,2.5779166713500103,8.505034605944662
48.94541667226001,2.4945833383499973,8.621003465331828
48.90375000576001,2.1529166730499867,9.437350365893625
48.94541667226001,2.094583339949992,0.0
48.84541667266001,2.4945833383499973,9.055087040327146
48.89541667246001,2.2862500058500075,8.268518579072264
48.85375000596001,2.352916672249989,6.3856566185853625
48.87041667256001,2.21125000615001,8.488658930305363
48.95375000556001,2.336250005649987,8.768857205074083
48.77875000626001,2.219583339449997,7.6221169210097095
48.94541667226001,2.569583338049995,8.23376836333956
48.85375000596001,2.502916671650013,9.055087040327146
48.837083339360014,2.186250006249992,7.329801147238866
48.86208333926001,2.2862500058500075,8.604642106418229
48.91208333906001,2.3862500054499947,9.113767125419631
48.9290473839099,2.092588862914141,0.0
48.95375000556001,2.161250006350002,8.065772798004183
48.8613717,2.4284133,6.915923227388895
48.94541667226001,2.1529166730499867,9.154364552208813
48.928750005660014,2.502916671650013,8.265711451685032
48.837083339360014,2.32791667235,7.359855586907168
48.92041667236001,2.186250006249992,8.426906422992923
48.77875000626001,2.336250005649987,8.904703877296946
48.82041667276001,2.14458333975,8.32798586242576
48.90375000576001,2.561250004750008,9.132731252931883
48.79541667286001,2.2945833391499946,7.459560881122149
48.85375000596001,2.14458333975,8.783997819728334
48.92041667236001,2.502916671650013,9.049069183127575
48.90375000576001,2.5279166715500025,8.51760355839472
48.78708333956001,2.311250005749997,8.69743150497116
48.92041667236001,2.2862500058500075,9.040256289742869
48.91208333906001,2.444583338549989,9.018189884664014
48.94541667226001,2.427916671949987,9.208778225762734
48.96208333886001,2.32791667235,8.554896216168352
48.89603419185767,2.168463520599824,5.313844716966859
48.93643984546271,2.145674758031337,8.499149463717117
48.84541667266001,2.4362500052500025,9.107545168481202
48.79541667286001,2.569583338049995,8.798931319104952
48.79541667286001,2.561250004750008,7.372669011463415
48.94593395157339,2.470413435216505,9.723918970439286
48.94541667226001,2.452916671850005,8.918392975023746
48.87875000586001,2.23625000605,9.077763934846708
48.94541667226001,2.502916671650013,9.155857974109816
48.89541667246001,2.186250006249992,8.960841191913335
48.81208333946001,2.569583338049995,8.309781663200956
48.80375000616001,2.177916672950005,9.051261334947275
48.84541667266001,2.277916672549992,9.004846983356114
48.90375000576001,2.4945833383499973,9.068641861092798
48.95375000556001,2.1945833395500074,9.421475164770932
48.79541667286001,2.219583339449997,8.532233548267667
48.88708333916001,2.2279166727500126,8.50864052578589
48.87097960657635,2.519351769033145,9.034155891022198
48.87875000586001,2.277916672549992,8.726564919325922
48.85375000596001,2.2279166727500126,8.664382361435297
48.93708333896001,2.4862500050500103,8.98292010084629
48.87041667256001,2.369583338849992,9.486579684858022
48.93708333896001,2.3195833390500127,9.214214828642028
48.94664239999999,2.4110446,5.883202395857843
48.94541667226001,2.161250006350002,8.900312010065747
48.82808535689134,2.609494665372213,0.0
48.93708333896001,2.3862500054499947,0.0
48.81208333946001,2.5362500048499896,8.78469694958853
48.94541667226001,2.60291667125,8.949782212781441
48.9614725,2.437202,0.0
48.87875000586001,2.569583338049995,9.199497307013148
48.95375000556001,2.4862500050500103,8.755659012674657
48.96208333886001,2.4112500053500128,8.896217966291083
48.89541667246001,2.60291667125,2.5137119739600102
48.79628642601707,2.178310267642038,7.203534499541048
48.77826158665808,2.545146179260886,8.582157968067362
48.77972895132756,2.149443673542947,0.0
48.90375000576001,2.427916671949987,9.238465268093021
48.90375000576001,2.30291667245001,9.071332745470691
48.84343125202054,2.093476253436904,0.0
48.96208333886001,2.2945833391499946,8.894007105221359
48.83627266906556,2.194718325293815,5.656907706242979
48.82875000606001,2.51125000495,8.321595456435535
48.95375000556001,2.1529166730499867,7.145500882898429
48.85375000596001,2.5779166713500103,8.498241234680219
48.80375000616001,2.311250005749997,9.086545410813208
48.92041667236001,2.519583338249987,9.144607191886317
48.90321267695921,2.610811413453717,7.036735858353262
48.85375000596001,2.2945833391499946,9.315259066427373
48.79584020114358,2.195206971571477,5.059693033373827
48.91322385751135,2.128820002804307,6.251949515332451
48.87041667256001,2.3862500054499947,8.920246441070637
48.87041667256001,2.2445833393499868,4.622336977691716
48.79541667286001,2.352916672249989,7.658991787490183
48.90244857373109,2.186741417464696,8.587194614783925
48.928750005660014,2.2029166728499945,9.01649558855665
48.95375000556001,2.21125000615001,9.56045234092777
48.84541667266001,2.2945833391499946,9.257439753260883
48.93708333896001,2.469583338450008,9.121495033381642
48.90356144511129,2.103854979000056,7.5776363740241734
48.91208333906001,2.2279166727500126,8.862900859187262
48.88708333916001,2.427916671949987,0.0
48.94541667226001,2.5279166715500025,5.67515366700164
48.96208333886001,2.2445833393499868,8.875192623736845
48.77875000626001,2.21125000615001,8.007535458211816
48.82875000606001,2.219583339449997,5.417894005283447
48.92041667236001,2.311250005749997,9.108584627011897
48.837083339360014,2.5362500048499896,9.53350850977644
48.85375000596001,2.5362500048499896,7.831747449391361
48.88708333916001,2.2945833391499946,8.668277089930806
48.96208333886001,2.60291667125,8.694019374687068
48.80375000616001,2.277916672549992,8.620191195026957
48.928750005660014,2.269583339250005,8.745926188273339
48.81208333946001,2.3862500054499947,8.688690327371692
48.85375000596001,2.4779166717499947,8.445658682493482
48.77875000626001,2.5779166713500103,8.442316524328481
48.78708333956001,2.4029166720499973,8.743025645246847
48.928750005660014,2.3195833390500127,8.99797016540794
48.82041667276001,2.519583338249987,8.853098118319773
48.87875000586001,2.586250004649997,9.109103985365834
48.92041667236001,2.5362500048499896,8.837894179870853
48.787616885146,2.192643011145975,8.475750268625786
48.96224346572051,2.395933859296936,9.627382869217069
48.87041667256001,2.39458333875001,8.882246159953626
48.79541667286001,2.32791667235,8.735740391387578
48.87875000586001,2.3195833390500127,8.693259673028445
48.79647217045341,2.227503684813638,7.279646361016616
48.79541667286001,2.4862500050500103,8.90062630148562
48.83768568590803,2.285899195957886,9.16477585547233
48.89541667246001,2.427916671949987,8.96292088737851
48.81208333946001,2.2612500059499894,9.034155891022198
48.87875000586001,2.5362500048499896,8.315704540187118
48.87041667256001,2.41958333865,9.055359792668199
48.93708333896001,2.127916673149997,8.208590136409962
48.84541667266001,2.336250005649987,7.458383855413105
48.90375000576001,2.2029166728499945,9.134761834757747
48.85375000596001,2.444583338549989,8.99509199015951
48.91208333906001,2.21125000615001,8.018870446369421
48.87818731412585,2.427898726472582,8.143923596863939
48.87041667256001,2.60291667125,9.184336356178889
48.77931895576579,2.417755115123899,9.072675704478018
48.87041667256001,2.336250005649987,9.467677072663252
48.91208333906001,2.427916671949987,9.081231741333113
48.92202793155687,2.59571716227072,0.0
48.91208333906001,2.369583338849992,9.15461359777608
48.95375000556001,2.2029166728499945,9.262865440499725
48.78708333956001,2.369583338849992,8.820448220261687
48.81208333946001,2.094583339949992,0.0
48.90375000576001,2.569583338049995,8.940732496083918
48.86325799999999,2.6112696,0.0
48.93708333896001,2.161250006350002,8.636322870000324
48.82041667276001,2.502916671650013,8.68563343705963
48.88708333916001,2.469583338450008,8.454206112981689
48.95375000556001,2.5362500048499896,9.030535021237192
48.91208333906001,2.4112500053500128,8.223883474994913
48.88708333916001,2.3445833389500024,8.954279093667106
48.8365885,2.2198109,7.325819290279556
48.84541667266001,2.352916672249989,9.129678280801746
48.88708333916001,2.369583338849992,9.058355579413641
48.78675646626707,2.617928118169123,4.469760089601328
